qmd_path,article_slug,public_id,pixel_url,source_line
appendices/common_errors.qmd,common_errors,00099581191e497bab13be8907d95a52,https://vg09.met.vgwort.de/na/00099581191e497bab13be8907d95a52,90
appendices/glossary.qmd,glossary,001111be94ea4fdfb25f7218d00c7fa4,https://vg09.met.vgwort.de/na/001111be94ea4fdfb25f7218d00c7fa4,134
appendices/skills_decision_tree.qmd,skills_decision_tree,00256953c3354316922af74639998a18,https://vg09.met.vgwort.de/na/00256953c3354316922af74639998a18,52
appendices/teaching_workflow.qmd,teaching_workflow,0034e73a5f6e4c27b747c3bbcd10cfa0,https://vg09.met.vgwort.de/na/0034e73a5f6e4c27b747c3bbcd10cfa0,45
appendices/writing_rubrics.qmd,writing_rubrics,0062872c2dc9443caf1fe749bbccb94a,https://vg09.met.vgwort.de/na/0062872c2dc9443caf1fe749bbccb94a,101
bildungsplan.qmd,bildungsplan,0070e2f8329f4d94a5d1c94a53b6c559,https://vg09.met.vgwort.de/na/0070e2f8329f4d94a5d1c94a53b6c559,120
get_started.qmd,get_started,0081d4975f5d4008b8c3c71aefcd3eb0,https://vg09.met.vgwort.de/na/0081d4975f5d4008b8c3c71aefcd3eb0,72
references.qmd,references,008946c2f4dd49488499791869f4b411,https://vg09.met.vgwort.de/na/008946c2f4dd49488499791869f4b411,96
schedule.qmd,schedule,0096f96f15824ff4b1e15f917a9b85bb,https://vg09.met.vgwort.de/na/0096f96f15824ff4b1e15f917a9b85bb,227
track_e_kl05/index.qmd,index,00a66596a63a42f1beb56220bfd8d67a,https://vg09.met.vgwort.de/na/00a66596a63a42f1beb56220bfd8d67a,133
track_e_kl05/schedule.qmd,schedule,00abbea1be9849cbbb8c75674c0d2cbe,https://vg09.met.vgwort.de/na/00abbea1be9849cbbb8c75674c0d2cbe,30
track_e_kl05/units/unit01_hello-world.qmd,unit01_hello-world,00ce5ac12d7f46bfb977f6da49617adc,https://vg09.met.vgwort.de/na/00ce5ac12d7f46bfb977f6da49617adc,152
track_e_kl05/units/unit01_hello-world_exam.qmd,unit01_hello-world_exam,00d0609e489b44c8ba2a80859cd96607,https://vg09.met.vgwort.de/na/00d0609e489b44c8ba2a80859cd96607,28
track_e_kl05/units/unit02_my-family.qmd,unit02_my-family,00d8703a641a49df81f95f086058bc06,https://vg09.met.vgwort.de/na/00d8703a641a49df81f95f086058bc06,140
track_e_kl05/units/unit02_my-family_exam.qmd,unit02_my-family_exam,00f99c4e98bb45a2bda813cf02cf43ed,https://vg09.met.vgwort.de/na/00f99c4e98bb45a2bda813cf02cf43ed,28
track_e_kl05/units/unit03_home-and-room.qmd,unit03_home-and-room,00fbc7b79b6c41cfa4fb8e226aa78169,https://vg09.met.vgwort.de/na/00fbc7b79b6c41cfa4fb8e226aa78169,153
track_e_kl05/units/unit03_home-and-room_exam.qmd,unit03_home-and-room_exam,00febaa46d364452b905887c275d4264,https://vg09.met.vgwort.de/na/00febaa46d364452b905887c275d4264,28
track_e_kl05/units/unit04_school-day.qmd,unit04_school-day,0102fb2b636e4d27ac364f2e3b6949c1,https://vg09.met.vgwort.de/na/0102fb2b636e4d27ac364f2e3b6949c1,156
track_e_kl05/units/unit04_school-day_exam.qmd,unit04_school-day_exam,0124bd0554da4fcf9783976dc511be2c,https://vg09.met.vgwort.de/na/0124bd0554da4fcf9783976dc511be2c,28
track_e_kl05/units/unit05_food-and-drinks.qmd,unit05_food-and-drinks,0144f7ea1b4c42aabc99e23ce13efb40,https://vg09.met.vgwort.de/na/0144f7ea1b4c42aabc99e23ce13efb40,153
track_e_kl05/units/unit05_food-and-drinks_exam.qmd,unit05_food-and-drinks_exam,0145a477cfd649eab575d7b4c95b69f5,https://vg09.met.vgwort.de/na/0145a477cfd649eab575d7b4c95b69f5,28
track_e_kl05/units/unit06_animals-and-pets.qmd,unit06_animals-and-pets,016b913a7cc94fe08498fa0ff23b4d08,https://vg09.met.vgwort.de/na/016b913a7cc94fe08498fa0ff23b4d08,148
track_e_kl05/units/unit06_animals-and-pets_exam.qmd,unit06_animals-and-pets_exam,0172c8d937044774927d0ab4b0bd3f5e,https://vg09.met.vgwort.de/na/0172c8d937044774927d0ab4b0bd3f5e,28
track_e_kl05/units/unit07_weather-and-seasons.qmd,unit07_weather-and-seasons,017b956dd0d64953acb568c60a6cdb00,https://vg09.met.vgwort.de/na/017b956dd0d64953acb568c60a6cdb00,147
track_e_kl05/units/unit07_weather-and-seasons_exam.qmd,unit07_weather-and-seasons_exam,018ca34f009b478eac777c50ce8d1b1a,https://vg09.met.vgwort.de/na/018ca34f009b478eac777c50ce8d1b1a,28
track_e_kl05/units/unit08_hobbies-and-sports.qmd,unit08_hobbies-and-sports,01ad6e65a81d4dba81784b50429df014,https://vg09.met.vgwort.de/na/01ad6e65a81d4dba81784b50429df014,144
track_e_kl05/units/unit08_hobbies-and-sports_exam.qmd,unit08_hobbies-and-sports_exam,01b8d0342da947d6b4392c546ab96ce2,https://vg09.met.vgwort.de/na/01b8d0342da947d6b4392c546ab96ce2,28
track_e_kl05/units/unit09_birthday-and-friends.qmd,unit09_birthday-and-friends,01be19fa9f394e84ae85ec956418df29,https://vg09.met.vgwort.de/na/01be19fa9f394e84ae85ec956418df29,150
track_e_kl05/units/unit09_birthday-and-friends_exam.qmd,unit09_birthday-and-friends_exam,01e7ecc188e54a12a9d4cff549e691b0,https://vg09.met.vgwort.de/na/01e7ecc188e54a12a9d4cff549e691b0,28
track_e_kl05/units/unit10_a-day-in-london.qmd,unit10_a-day-in-london,020bb00478144f1b9e98d9d507a22c4d,https://vg09.met.vgwort.de/na/020bb00478144f1b9e98d9d507a22c4d,147
track_e_kl05/units/unit10_a-day-in-london_exam.qmd,unit10_a-day-in-london_exam,020c3fd7bfd84d0eb8831664be3cc67f,https://vg09.met.vgwort.de/na/020c3fd7bfd84d0eb8831664be3cc67f,28
track_e_kl05/units/unit11_clothes-and-colours.qmd,unit11_clothes-and-colours,020df7c622bd47a0a8545a7aaed0fc39,https://vg09.met.vgwort.de/na/020df7c622bd47a0a8545a7aaed0fc39,150
track_e_kl05/units/unit11_clothes-and-colours_exam.qmd,unit11_clothes-and-colours_exam,0213f8c7410e427a98b1e19e51204afd,https://vg09.met.vgwort.de/na/0213f8c7410e427a98b1e19e51204afd,28
track_e_kl05/units/unit12_review-and-show.qmd,unit12_review-and-show,021778e1104844a0bc144d7e87b0e6fc,https://vg09.met.vgwort.de/na/021778e1104844a0bc144d7e87b0e6fc,145
track_e_kl05/units/unit12_review-and-show_exam.qmd,unit12_review-and-show_exam,021e47e0b2004103bab79226a60165b3,https://vg09.met.vgwort.de/na/021e47e0b2004103bab79226a60165b3,28
track_e_kl06/index.qmd,index,0222dd1db3254a26801c796f9ea0644b,https://vg09.met.vgwort.de/na/0222dd1db3254a26801c796f9ea0644b,133
track_e_kl06/schedule.qmd,schedule,024d568c37054c799cf012d69066923d,https://vg09.met.vgwort.de/na/024d568c37054c799cf012d69066923d,30
track_e_kl06/units/unit01_a-new-year-at-school.qmd,unit01_a-new-year-at-school,026ec0f667cf45dcb62eaeee030e97ee,https://vg09.met.vgwort.de/na/026ec0f667cf45dcb62eaeee030e97ee,138
track_e_kl06/units/unit01_a-new-year-at-school_exam.qmd,unit01_a-new-year-at-school_exam,027141142f7f45899232ff996d02055d,https://vg09.met.vgwort.de/na/027141142f7f45899232ff996d02055d,28
track_e_kl06/units/unit02_on-holiday.qmd,unit02_on-holiday,029f882608764ca7abdedd91be1acfdf,https://vg09.met.vgwort.de/na/029f882608764ca7abdedd91be1acfdf,140
track_e_kl06/units/unit02_on-holiday_exam.qmd,unit02_on-holiday_exam,02a013e856b949d99a695fad1bf090ae,https://vg09.met.vgwort.de/na/02a013e856b949d99a695fad1bf090ae,28
track_e_kl06/units/unit03_in-the-city.qmd,unit03_in-the-city,02bc693e71b34140bea8e76a6cfb4207,https://vg09.met.vgwort.de/na/02bc693e71b34140bea8e76a6cfb4207,138
track_e_kl06/units/unit03_in-the-city_exam.qmd,unit03_in-the-city_exam,02bd5087d83643ee94997d1b4ad5516d,https://vg09.met.vgwort.de/na/02bd5087d83643ee94997d1b4ad5516d,28
track_e_kl06/units/unit04_food-around-the-world.qmd,unit04_food-around-the-world,02c1c9b0b535452d98b35102854ad56c,https://vg09.met.vgwort.de/na/02c1c9b0b535452d98b35102854ad56c,138
track_e_kl06/units/unit04_food-around-the-world_exam.qmd,unit04_food-around-the-world_exam,02cdf9e8203f4c958334da84be0a371f,https://vg09.met.vgwort.de/na/02cdf9e8203f4c958334da84be0a371f,28
track_e_kl06/units/unit05_daily-routines.qmd,unit05_daily-routines,02d05f78415f4c38a4bc97296065e763,https://vg09.met.vgwort.de/na/02d05f78415f4c38a4bc97296065e763,150
track_e_kl06/units/unit05_daily-routines_exam.qmd,unit05_daily-routines_exam,030f1dddb5524025b2fd97b944dc809d,https://vg09.met.vgwort.de/na/030f1dddb5524025b2fd97b944dc809d,28
track_e_kl06/units/unit06_friends-and-feelings.qmd,unit06_friends-and-feelings,0310404165394ac3801ff1b21abf8763,https://vg09.met.vgwort.de/na/0310404165394ac3801ff1b21abf8763,145
track_e_kl06/units/unit06_friends-and-feelings_exam.qmd,unit06_friends-and-feelings_exam,031bd0c1ebb849f1912ca1380913076b,https://vg09.met.vgwort.de/na/031bd0c1ebb849f1912ca1380913076b,28
track_e_kl06/units/unit07_an-adventure-story.qmd,unit07_an-adventure-story,0324341669f14558ae160a02ccabd3e8,https://vg09.met.vgwort.de/na/0324341669f14558ae160a02ccabd3e8,141
track_e_kl06/units/unit07_an-adventure-story_exam.qmd,unit07_an-adventure-story_exam,0342becac30848b19f2d979f66ffb2f4,https://vg09.met.vgwort.de/na/0342becac30848b19f2d979f66ffb2f4,28
track_e_kl06/units/unit08_school-around-the-world.qmd,unit08_school-around-the-world,03596e8529c64aaeb83eaa3bc68ee93e,https://vg09.met.vgwort.de/na/03596e8529c64aaeb83eaa3bc68ee93e,137
track_e_kl06/units/unit08_school-around-the-world_exam.qmd,unit08_school-around-the-world_exam,036639ff640f4a17aef89bcc572859f5,https://vg09.met.vgwort.de/na/036639ff640f4a17aef89bcc572859f5,28
track_e_kl06/units/unit09_body-and-health.qmd,unit09_body-and-health,0369d432207845f5990283e120e4cf6d,https://vg09.met.vgwort.de/na/0369d432207845f5990283e120e4cf6d,147
track_e_kl06/units/unit09_body-and-health_exam.qmd,unit09_body-and-health_exam,0391f4372a854068a9ffb9ca9cf422b3,https://vg09.met.vgwort.de/na/0391f4372a854068a9ffb9ca9cf422b3,28
track_e_kl06/units/unit10_travelling-by-train.qmd,unit10_travelling-by-train,039bcc22d3e84425b94a495025d88b49,https://vg09.met.vgwort.de/na/039bcc22d3e84425b94a495025d88b49,148
track_e_kl06/units/unit10_travelling-by-train_exam.qmd,unit10_travelling-by-train_exam,03b06d872b1944fc8739b60544be80ac,https://vg09.met.vgwort.de/na/03b06d872b1944fc8739b60544be80ac,28
track_e_kl06/units/unit11_captain-codys-map.qmd,unit11_captain-codys-map,03bfa04ca49a4743a15c81985306c22f,https://vg09.met.vgwort.de/na/03bfa04ca49a4743a15c81985306c22f,141
track_e_kl06/units/unit11_captain-codys-map_exam.qmd,unit11_captain-codys-map_exam,03db7ed0d1394bbbbe169c77e5dc67f8,https://vg09.met.vgwort.de/na/03db7ed0d1394bbbbe169c77e5dc67f8,28
track_e_kl06/units/unit12_year-end-festival.qmd,unit12_year-end-festival,03e80f182d0c42bd8f81d25cc5aeb690,https://vg09.met.vgwort.de/na/03e80f182d0c42bd8f81d25cc5aeb690,133
track_e_kl06/units/unit12_year-end-festival_exam.qmd,unit12_year-end-festival_exam,03eddd775f9f4db9bce229ca1d7c76d4,https://vg09.met.vgwort.de/na/03eddd775f9f4db9bce229ca1d7c76d4,28
track_e_kl07/index.qmd,index,03eeb7fba1ae4497b51a4c1c9d52d94a,https://vg09.met.vgwort.de/na/03eeb7fba1ae4497b51a4c1c9d52d94a,133
track_e_kl07/schedule.qmd,schedule,03fae6f19b6f4e71840a3c89d544caf1,https://vg09.met.vgwort.de/na/03fae6f19b6f4e71840a3c89d544caf1,30
track_e_kl07/units/unit01_first-day-back.qmd,unit01_first-day-back,03fd8c29268e440cb15c0126998ea488,https://vg09.met.vgwort.de/na/03fd8c29268e440cb15c0126998ea488,290
track_e_kl07/units/unit01_first-day-back_exam.qmd,unit01_first-day-back_exam,0403c3c34da645fdacf65eb53b0e9106,https://vg09.met.vgwort.de/na/0403c3c34da645fdacf65eb53b0e9106,30
track_e_kl07/units/unit02_growing-up.qmd,unit02_growing-up,044d02510b4241b3987b1297d06838a1,https://vg09.met.vgwort.de/na/044d02510b4241b3987b1297d06838a1,314
track_e_kl07/units/unit02_growing-up_exam.qmd,unit02_growing-up_exam,0455aead4a194b45b656bc45a135d26b,https://vg09.met.vgwort.de/na/0455aead4a194b45b656bc45a135d26b,30
track_e_kl07/units/unit03_media-in-our-lives.qmd,unit03_media-in-our-lives,045ec407ecac4502a5c1c4d6b0d6251c,https://vg09.met.vgwort.de/na/045ec407ecac4502a5c1c4d6b0d6251c,308
track_e_kl07/units/unit03_media-in-our-lives_exam.qmd,unit03_media-in-our-lives_exam,047fb4cd33344dd5ba22bedb161c33d8,https://vg09.met.vgwort.de/na/047fb4cd33344dd5ba22bedb161c33d8,30
track_e_kl07/units/unit04_a-trip-to-scotland.qmd,unit04_a-trip-to-scotland,04a36ab02ba44278a2e0e40138fb6ac7,https://vg09.met.vgwort.de/na/04a36ab02ba44278a2e0e40138fb6ac7,298
track_e_kl07/units/unit04_a-trip-to-scotland_exam.qmd,unit04_a-trip-to-scotland_exam,04b3c173ed7c4955b0d3cad388cd5448,https://vg09.met.vgwort.de/na/04b3c173ed7c4955b0d3cad388cd5448,30
track_e_kl07/units/unit05_the-united-states-today.qmd,unit05_the-united-states-today,04cb7032025c46e4b9e8309836f15650,https://vg09.met.vgwort.de/na/04cb7032025c46e4b9e8309836f15650,283
track_e_kl07/units/unit05_the-united-states-today_exam.qmd,unit05_the-united-states-today_exam,04dfcc674ef0437686d5296d57add5af,https://vg09.met.vgwort.de/na/04dfcc674ef0437686d5296d57add5af,30
track_e_kl07/units/unit06_food-cultures.qmd,unit06_food-cultures,04e8a6f8c3404d8b8366acd5234d87e5,https://vg09.met.vgwort.de/na/04e8a6f8c3404d8b8366acd5234d87e5,285
track_e_kl07/units/unit06_food-cultures_exam.qmd,unit06_food-cultures_exam,04f73b6534a0476484d31ce75d9eaa81,https://vg09.met.vgwort.de/na/04f73b6534a0476484d31ce75d9eaa81,30
track_e_kl07/units/unit07_being-a-friend.qmd,unit07_being-a-friend,050c6520d49a4fe093228fe40aeb0cca,https://vg09.met.vgwort.de/na/050c6520d49a4fe093228fe40aeb0cca,260
track_e_kl07/units/unit07_being-a-friend_exam.qmd,unit07_being-a-friend_exam,051814baed364734b15b215988555b2c,https://vg09.met.vgwort.de/na/051814baed364734b15b215988555b2c,30
track_e_kl07/units/unit08_first-mediation.qmd,unit08_first-mediation,0527690881b04ec68f15d5f3db55bbdb,https://vg09.met.vgwort.de/na/0527690881b04ec68f15d5f3db55bbdb,284
track_e_kl07/units/unit08_first-mediation_exam.qmd,unit08_first-mediation_exam,05362dffd96d446c9124a13d9239eb30,https://vg09.met.vgwort.de/na/05362dffd96d446c9124a13d9239eb30,30
track_e_kl07/units/unit09_school-rules-and-rights.qmd,unit09_school-rules-and-rights,0538fded316f47c59c239c5bd87542f5,https://vg09.met.vgwort.de/na/0538fded316f47c59c239c5bd87542f5,248
track_e_kl07/units/unit09_school-rules-and-rights_exam.qmd,unit09_school-rules-and-rights_exam,0545d24de1864e5c9666c6029b0aeae3,https://vg09.met.vgwort.de/na/0545d24de1864e5c9666c6029b0aeae3,30
track_e_kl07/units/unit10_a-short-story.qmd,unit10_a-short-story,05465faf212e407da6797e82f933e745,https://vg09.met.vgwort.de/na/05465faf212e407da6797e82f933e745,263
track_e_kl07/units/unit10_a-short-story_exam.qmd,unit10_a-short-story_exam,054b2b91140b4b408674b886827166f7,https://vg09.met.vgwort.de/na/054b2b91140b4b408674b886827166f7,30
track_e_kl07/units/unit11_plans-for-the-summer.qmd,unit11_plans-for-the-summer,056046cb9f254003bbd5ba220842a860,https://vg09.met.vgwort.de/na/056046cb9f254003bbd5ba220842a860,225
track_e_kl07/units/unit11_plans-for-the-summer_exam.qmd,unit11_plans-for-the-summer_exam,0576059a21f147f4a087859bf26023c8,https://vg09.met.vgwort.de/na/0576059a21f147f4a087859bf26023c8,30
track_e_kl07/units/unit12_year-review-and-podcast.qmd,unit12_year-review-and-podcast,05778d7955994b899f6dba1250e9289d,https://vg09.met.vgwort.de/na/05778d7955994b899f6dba1250e9289d,253
track_e_kl07/units/unit12_year-review-and-podcast_exam.qmd,unit12_year-review-and-podcast_exam,0586ba95200847288208ff1abdfd7f59,https://vg09.met.vgwort.de/na/0586ba95200847288208ff1abdfd7f59,30
track_e_kl08/index.qmd,index,059d98000d514fee9edd2dae2a26c2a8,https://vg09.met.vgwort.de/na/059d98000d514fee9edd2dae2a26c2a8,133
track_e_kl08/schedule.qmd,schedule,05a2e6404faf44ca81eebdb863846867,https://vg09.met.vgwort.de/na/05a2e6404faf44ca81eebdb863846867,30
track_e_kl08/units/unit01_identities.qmd,unit01_identities,05ab0cd663f84c2592ed489675dc510b,https://vg09.met.vgwort.de/na/05ab0cd663f84c2592ed489675dc510b,144
track_e_kl08/units/unit01_identities_exam.qmd,unit01_identities_exam,05f0030c2ca044f2ac6ced17de0b9f76,https://vg09.met.vgwort.de/na/05f0030c2ca044f2ac6ced17de0b9f76,28
track_e_kl08/units/unit02_school-life-elsewhere.qmd,unit02_school-life-elsewhere,060404d9934a43d3822b956efbe9481f,https://vg09.met.vgwort.de/na/060404d9934a43d3822b956efbe9481f,145
track_e_kl08/units/unit02_school-life-elsewhere_exam.qmd,unit02_school-life-elsewhere_exam,0621211444d444f5bfeb5a58a920c8f6,https://vg09.met.vgwort.de/na/0621211444d444f5bfeb5a58a920c8f6,28
track_e_kl08/units/unit03_fairness-at-school.qmd,unit03_fairness-at-school,0634d9929e4d4a27aa56f082538348c6,https://vg09.met.vgwort.de/na/0634d9929e4d4a27aa56f082538348c6,147
track_e_kl08/units/unit03_fairness-at-school_exam.qmd,unit03_fairness-at-school_exam,06488f8d373e42d2a6e7177a2ddddae5,https://vg09.met.vgwort.de/na/06488f8d373e42d2a6e7177a2ddddae5,28
track_e_kl08/units/unit04_ireland-stories.qmd,unit04_ireland-stories,064d5b90072a4c628ddd40672267f855,https://vg09.met.vgwort.de/na/064d5b90072a4c628ddd40672267f855,141
track_e_kl08/units/unit04_ireland-stories_exam.qmd,unit04_ireland-stories_exam,06597fb18ed64877999c8d2eaa21bb0a,https://vg09.met.vgwort.de/na/06597fb18ed64877999c8d2eaa21bb0a,28
track_e_kl08/units/unit05_digital-friendships.qmd,unit05_digital-friendships,065c459afbe14086847897a8af1fed31,https://vg09.met.vgwort.de/na/065c459afbe14086847897a8af1fed31,143
track_e_kl08/units/unit05_digital-friendships_exam.qmd,unit05_digital-friendships_exam,066d766e645d4941823d68a6880828a2,https://vg09.met.vgwort.de/na/066d766e645d4941823d68a6880828a2,28
track_e_kl08/units/unit06_opinion-writing.qmd,unit06_opinion-writing,06733045d1c74c77b3c7de5ebccd4257,https://vg09.met.vgwort.de/na/06733045d1c74c77b3c7de5ebccd4257,141
track_e_kl08/units/unit06_opinion-writing_exam.qmd,unit06_opinion-writing_exam,068ce9d0a40f44488ce9a95330c363e2,https://vg09.met.vgwort.de/na/068ce9d0a40f44488ce9a95330c363e2,28
track_e_kl08/units/unit07_teen-magazine-mediation.qmd,unit07_teen-magazine-mediation,06abf21083de463994d915464d6fb948,https://vg09.met.vgwort.de/na/06abf21083de463994d915464d6fb948,143
track_e_kl08/units/unit07_teen-magazine-mediation_exam.qmd,unit07_teen-magazine-mediation_exam,06ba9d2fe3bf457cb34d70415e47a296,https://vg09.met.vgwort.de/na/06ba9d2fe3bf457cb34d70415e47a296,28
track_e_kl08/units/unit08_music-and-belonging.qmd,unit08_music-and-belonging,06c4032e137745b4a02b40513010876d,https://vg09.met.vgwort.de/na/06c4032e137745b4a02b40513010876d,136
track_e_kl08/units/unit08_music-and-belonging_exam.qmd,unit08_music-and-belonging_exam,06cc94fe73dd4dd090b1a92fc92dcf18,https://vg09.met.vgwort.de/na/06cc94fe73dd4dd090b1a92fc92dcf18,28
track_e_kl08/units/unit09_rural-and-urban.qmd,unit09_rural-and-urban,06fa6143b0724398a35f884114309982,https://vg09.met.vgwort.de/na/06fa6143b0724398a35f884114309982,143
track_e_kl08/units/unit09_rural-and-urban_exam.qmd,unit09_rural-and-urban_exam,0720965b1c8641e9b730a6a023442e15,https://vg09.met.vgwort.de/na/0720965b1c8641e9b730a6a023442e15,28
track_e_kl08/units/unit10_a-novella-in-class.qmd,unit10_a-novella-in-class,0726b45db10346e9a6250b2ecff1b1e5,https://vg09.met.vgwort.de/na/0726b45db10346e9a6250b2ecff1b1e5,142
track_e_kl08/units/unit10_a-novella-in-class_exam.qmd,unit10_a-novella-in-class_exam,072f3387b20d48158ce982f97f8e8628,https://vg09.met.vgwort.de/na/072f3387b20d48158ce982f97f8e8628,28
track_e_kl08/units/unit11_public-speaking.qmd,unit11_public-speaking,0747aeef3cc74895b2b4b6c249081a72,https://vg09.met.vgwort.de/na/0747aeef3cc74895b2b4b6c249081a72,135
track_e_kl08/units/unit11_public-speaking_exam.qmd,unit11_public-speaking_exam,07487022de134bca9f3ff9d59cb75046,https://vg09.met.vgwort.de/na/07487022de134bca9f3ff9d59cb75046,28
track_e_kl08/units/unit12_school-magazine-issue.qmd,unit12_school-magazine-issue,074b2f8dfe7e4a45b581c0e39bced83f,https://vg09.met.vgwort.de/na/074b2f8dfe7e4a45b581c0e39bced83f,143
track_e_kl08/units/unit12_school-magazine-issue_exam.qmd,unit12_school-magazine-issue_exam,075976059ca24436ad35d4acb5ff3409,https://vg09.met.vgwort.de/na/075976059ca24436ad35d4acb5ff3409,28
track_e_kl09/index.qmd,index,076ec137517948178f15bad235ef084f,https://vg09.met.vgwort.de/na/076ec137517948178f15bad235ef084f,133
track_e_kl09/schedule.qmd,schedule,07791e58108a499888f4a8c440652a26,https://vg09.met.vgwort.de/na/07791e58108a499888f4a8c440652a26,30
track_e_kl09/units/unit01_future-careers.qmd,unit01_future-careers,077a7cae83364cddab22bc82d802e6d8,https://vg09.met.vgwort.de/na/077a7cae83364cddab22bc82d802e6d8,138
track_e_kl09/units/unit01_future-careers_exam.qmd,unit01_future-careers_exam,077c5c46673c4f2aabf6bf00cd362ffb,https://vg09.met.vgwort.de/na/077c5c46673c4f2aabf6bf00cd362ffb,28
track_e_kl09/units/unit02_money-and-choices.qmd,unit02_money-and-choices,0783ad6e0e4d43dfb2745af4c69b5b68,https://vg09.met.vgwort.de/na/0783ad6e0e4d43dfb2745af4c69b5b68,135
track_e_kl09/units/unit02_money-and-choices_exam.qmd,unit02_money-and-choices_exam,07a6b9feebeb486ab9f11a1224f9ed32,https://vg09.met.vgwort.de/na/07a6b9feebeb486ab9f11a1224f9ed32,28
track_e_kl09/units/unit03_the-environment-locally.qmd,unit03_the-environment-locally,07d7ee65c1634652b37fca1adf906e19,https://vg09.met.vgwort.de/na/07d7ee65c1634652b37fca1adf906e19,138
track_e_kl09/units/unit03_the-environment-locally_exam.qmd,unit03_the-environment-locally_exam,07e4ecf1f7f94abf985dd8138474072d,https://vg09.met.vgwort.de/na/07e4ecf1f7f94abf985dd8138474072d,28
track_e_kl09/units/unit04_canada-perspectives.qmd,unit04_canada-perspectives,07eedda069554b26b71da506362369e5,https://vg09.met.vgwort.de/na/07eedda069554b26b71da506362369e5,138
track_e_kl09/units/unit04_canada-perspectives_exam.qmd,unit04_canada-perspectives_exam,080f979f34c44f0ea6ddc9ae3972a41c,https://vg09.met.vgwort.de/na/080f979f34c44f0ea6ddc9ae3972a41c,28
track_e_kl09/units/unit05_media-literacy.qmd,unit05_media-literacy,081395b6189d4a5098285e468a4e9cfd,https://vg09.met.vgwort.de/na/081395b6189d4a5098285e468a4e9cfd,140
track_e_kl09/units/unit05_media-literacy_exam.qmd,unit05_media-literacy_exam,0846b801f40f46448db4bf4acd241668,https://vg09.met.vgwort.de/na/0846b801f40f46448db4bf4acd241668,28
track_e_kl09/units/unit06_interview-and-portrait.qmd,unit06_interview-and-portrait,084c05fffaf8441cb9d33180e0bb0764,https://vg09.met.vgwort.de/na/084c05fffaf8441cb9d33180e0bb0764,144
track_e_kl09/units/unit06_interview-and-portrait_exam.qmd,unit06_interview-and-portrait_exam,085bcc8013c744c9aeb41d56b9365dec,https://vg09.met.vgwort.de/na/085bcc8013c744c9aeb41d56b9365dec,28
track_e_kl09/units/unit07_mediation-news-article.qmd,unit07_mediation-news-article,085d344d91c64c1fbb795c6051d37eff,https://vg09.met.vgwort.de/na/085d344d91c64c1fbb795c6051d37eff,140
track_e_kl09/units/unit07_mediation-news-article_exam.qmd,unit07_mediation-news-article_exam,0866584d1d7348e88354fd765c70af50,https://vg09.met.vgwort.de/na/0866584d1d7348e88354fd765c70af50,28
track_e_kl09/units/unit08_inequality-and-voice.qmd,unit08_inequality-and-voice,0879aac216fa46b6b6da31678286aa93,https://vg09.met.vgwort.de/na/0879aac216fa46b6b6da31678286aa93,140
track_e_kl09/units/unit08_inequality-and-voice_exam.qmd,unit08_inequality-and-voice_exam,08920dfb176b4fcaad32e36a547d2ed8,https://vg09.met.vgwort.de/na/08920dfb176b4fcaad32e36a547d2ed8,28
track_e_kl09/units/unit09_short-fiction.qmd,unit09_short-fiction,089398916e434e2b83e7c55b55d8be98,https://vg09.met.vgwort.de/na/089398916e434e2b83e7c55b55d8be98,138
track_e_kl09/units/unit09_short-fiction_exam.qmd,unit09_short-fiction_exam,08a949e63f304f69bd3cd1c9d390a078,https://vg09.met.vgwort.de/na/08a949e63f304f69bd3cd1c9d390a078,28
track_e_kl09/units/unit10_application-letter.qmd,unit10_application-letter,08aa9d2aab534b099d2c25811f3c5cdd,https://vg09.met.vgwort.de/na/08aa9d2aab534b099d2c25811f3c5cdd,149
track_e_kl09/units/unit10_application-letter_exam.qmd,unit10_application-letter_exam,08af4110b6af493d8a2a744e351f0e7d,https://vg09.met.vgwort.de/na/08af4110b6af493d8a2a744e351f0e7d,28
track_e_kl09/units/unit11_debate-and-discussion.qmd,unit11_debate-and-discussion,08bdf72754dc4ad390a2f3b6d4ed36f8,https://vg09.met.vgwort.de/na/08bdf72754dc4ad390a2f3b6d4ed36f8,137
track_e_kl09/units/unit11_debate-and-discussion_exam.qmd,unit11_debate-and-discussion_exam,08d8f221a538469eacb398346a51ae53,https://vg09.met.vgwort.de/na/08d8f221a538469eacb398346a51ae53,28
track_e_kl09/units/unit12_year-review-portfolio.qmd,unit12_year-review-portfolio,08f329d19cf54630a9a186fef27049d3,https://vg09.met.vgwort.de/na/08f329d19cf54630a9a186fef27049d3,134
track_e_kl09/units/unit12_year-review-portfolio_exam.qmd,unit12_year-review-portfolio_exam,08f8a4d4fb9941fc9c1a4d7f9c9ee88d,https://vg09.met.vgwort.de/na/08f8a4d4fb9941fc9c1a4d7f9c9ee88d,28
track_e_kl10/index.qmd,index,08fb07458c0943d799d95537a9f13f42,https://vg09.met.vgwort.de/na/08fb07458c0943d799d95537a9f13f42,133
track_e_kl10/schedule.qmd,schedule,08fc221574af428f96a1c00cbf34a9fe,https://vg09.met.vgwort.de/na/08fc221574af428f96a1c00cbf34a9fe,30
track_e_kl10/units/unit01_identity-in-a-global-world.qmd,unit01_identity-in-a-global-world,0909c490cfd24eacbbea8bc9a4679f53,https://vg09.met.vgwort.de/na/0909c490cfd24eacbbea8bc9a4679f53,141
track_e_kl10/units/unit01_identity-in-a-global-world_exam.qmd,unit01_identity-in-a-global-world_exam,090e57294a1e4bb7a56eb727f6eabddf,https://vg09.met.vgwort.de/na/090e57294a1e4bb7a56eb727f6eabddf,28
track_e_kl10/units/unit02_the-world-of-work.qmd,unit02_the-world-of-work,091ec5722b384a5e93c6d72637c1def6,https://vg09.met.vgwort.de/na/091ec5722b384a5e93c6d72637c1def6,137
track_e_kl10/units/unit02_the-world-of-work_exam.qmd,unit02_the-world-of-work_exam,0940a62dd8ab4dc6815a7730cee01b92,https://vg09.met.vgwort.de/na/0940a62dd8ab4dc6815a7730cee01b92,28
track_e_kl10/units/unit03_digital-lives.qmd,unit03_digital-lives,0954ea3c80894f36bfcff7289e1bbd0a,https://vg09.met.vgwort.de/na/0954ea3c80894f36bfcff7289e1bbd0a,145
track_e_kl10/units/unit03_digital-lives_exam.qmd,unit03_digital-lives_exam,0956915c57aa4ae8a5c2f78178c64b7d,https://vg09.met.vgwort.de/na/0956915c57aa4ae8a5c2f78178c64b7d,28
track_e_kl10/units/unit04_australia-and-new-zealand.qmd,unit04_australia-and-new-zealand,0963668cecac42ffa6fbea81a7000940,https://vg09.met.vgwort.de/na/0963668cecac42ffa6fbea81a7000940,140
track_e_kl10/units/unit04_australia-and-new-zealand_exam.qmd,unit04_australia-and-new-zealand_exam,0978a5dd508e4e54897c0491cff131cb,https://vg09.met.vgwort.de/na/0978a5dd508e4e54897c0491cff131cb,28
track_e_kl10/units/unit05_media-and-democracy.qmd,unit05_media-and-democracy,09b4c4cb35db415d80823a42285e4a58,https://vg09.met.vgwort.de/na/09b4c4cb35db415d80823a42285e4a58,140
track_e_kl10/units/unit05_media-and-democracy_exam.qmd,unit05_media-and-democracy_exam,09b7c679d431485e8e9a302e4f2e9d31,https://vg09.met.vgwort.de/na/09b7c679d431485e8e9a302e4f2e9d31,28
track_e_kl10/units/unit06_contemporary-short-fiction.qmd,unit06_contemporary-short-fiction,09dd1df9d53d498c90492179f43812b9,https://vg09.met.vgwort.de/na/09dd1df9d53d498c90492179f43812b9,145
track_e_kl10/units/unit06_contemporary-short-fiction_exam.qmd,unit06_contemporary-short-fiction_exam,09e5ae99d3f24794aa4c112bdf5f953f,https://vg09.met.vgwort.de/na/09e5ae99d3f24794aa4c112bdf5f953f,28
track_e_kl10/units/unit07_mediation-feature-article.qmd,unit07_mediation-feature-article,09e77bea5aa844cb854151e191b41da7,https://vg09.met.vgwort.de/na/09e77bea5aa844cb854151e191b41da7,140
track_e_kl10/units/unit07_mediation-feature-article_exam.qmd,unit07_mediation-feature-article_exam,0a1b064920384f908d9183b6861f3c57,https://vg09.met.vgwort.de/na/0a1b064920384f908d9183b6861f3c57,28
track_e_kl10/units/unit08_science-and-society.qmd,unit08_science-and-society,0a1e44bc272f4d538a21f0f8a4ef5c9e,https://vg09.met.vgwort.de/na/0a1e44bc272f4d538a21f0f8a4ef5c9e,136
track_e_kl10/units/unit08_science-and-society_exam.qmd,unit08_science-and-society_exam,0a2bfdc8fa624f4085693826a59062ab,https://vg09.met.vgwort.de/na/0a2bfdc8fa624f4085693826a59062ab,28
track_e_kl10/units/unit09_youth-protest-movements.qmd,unit09_youth-protest-movements,0a46fafdb73e43d68dc0192391436b96,https://vg09.met.vgwort.de/na/0a46fafdb73e43d68dc0192391436b96,139
track_e_kl10/units/unit09_youth-protest-movements_exam.qmd,unit09_youth-protest-movements_exam,0a5af96271b0448cb30382213865ac77,https://vg09.met.vgwort.de/na/0a5af96271b0448cb30382213865ac77,28
track_e_kl10/units/unit10_a-short-novel.qmd,unit10_a-short-novel,0a8d89013c294552a406ac41177c3180,https://vg09.met.vgwort.de/na/0a8d89013c294552a406ac41177c3180,136
track_e_kl10/units/unit10_a-short-novel_exam.qmd,unit10_a-short-novel_exam,0a9617d33aef4c9abf090abd41cbb185,https://vg09.met.vgwort.de/na/0a9617d33aef4c9abf090abd41cbb185,28
track_e_kl10/units/unit11_public-speaking-and-debate.qmd,unit11_public-speaking-and-debate,0a9995c01b974f92a5650898a8da124f,https://vg09.met.vgwort.de/na/0a9995c01b974f92a5650898a8da124f,141
track_e_kl10/units/unit11_public-speaking-and-debate_exam.qmd,unit11_public-speaking-and-debate_exam,0a9e12c7a00b4d00ae5c9a9a8f9e122d,https://vg09.met.vgwort.de/na/0a9e12c7a00b4d00ae5c9a9a8f9e122d,28
track_e_kl10/units/unit12_year-review-toward-oberstufe.qmd,unit12_year-review-toward-oberstufe,0abaadc2e09245769937481e6ba013f8,https://vg09.met.vgwort.de/na/0abaadc2e09245769937481e6ba013f8,136
track_e_kl10/units/unit12_year-review-toward-oberstufe_exam.qmd,unit12_year-review-toward-oberstufe_exam,0accd9b1612c4d6c8d10bed424df3ef7,https://vg09.met.vgwort.de/na/0accd9b1612c4d6c8d10bed424df3ef7,28
track_e_kl11/index.qmd,index,0ad7c8fc2dde46aaacd8927bb0527e09,https://vg09.met.vgwort.de/na/0ad7c8fc2dde46aaacd8927bb0527e09,133
track_e_kl11/schedule.qmd,schedule,0ae3f9f5c3e6437dabb3efe3345df7af,https://vg09.met.vgwort.de/na/0ae3f9f5c3e6437dabb3efe3345df7af,30
track_e_kl11/units/unit01_british-cultural-anchors.qmd,unit01_british-cultural-anchors,0aeb1d0ade91455db86e5aa184516cec,https://vg09.met.vgwort.de/na/0aeb1d0ade91455db86e5aa184516cec,146
track_e_kl11/units/unit01_british-cultural-anchors_exam.qmd,unit01_british-cultural-anchors_exam,0aeeb6fc08194f4db8894507fe4a7571,https://vg09.met.vgwort.de/na/0aeeb6fc08194f4db8894507fe4a7571,28
track_e_kl11/units/unit02_the-american-dream.qmd,unit02_the-american-dream,0af7db773c384603bb0a8f01f82eb56d,https://vg09.met.vgwort.de/na/0af7db773c384603bb0a8f01f82eb56d,150
track_e_kl11/units/unit02_the-american-dream_exam.qmd,unit02_the-american-dream_exam,0afba4716a3d4a0cb880b4ab8232eeb6,https://vg09.met.vgwort.de/na/0afba4716a3d4a0cb880b4ab8232eeb6,28
track_e_kl11/units/unit03_post-colonial-voices-intro.qmd,unit03_post-colonial-voices-intro,0b12961bfe9f4659acbdbcea16892153,https://vg09.met.vgwort.de/na/0b12961bfe9f4659acbdbcea16892153,147
track_e_kl11/units/unit03_post-colonial-voices-intro_exam.qmd,unit03_post-colonial-voices-intro_exam,0b2a343f26644693a98bbf9ef7ff1d17,https://vg09.met.vgwort.de/na/0b2a343f26644693a98bbf9ef7ff1d17,28
track_e_kl11/units/unit04_short-stories-and-style.qmd,unit04_short-stories-and-style,0b3919bd58e64d24be89a6fd5c266ae2,https://vg09.met.vgwort.de/na/0b3919bd58e64d24be89a6fd5c266ae2,146
track_e_kl11/units/unit04_short-stories-and-style_exam.qmd,unit04_short-stories-and-style_exam,0b563a4ecd864a319b0b19402a672999,https://vg09.met.vgwort.de/na/0b563a4ecd864a319b0b19402a672999,28
track_e_kl11/units/unit05_poetry-from-the-anthology.qmd,unit05_poetry-from-the-anthology,0b76f49e6bc74bbd9aa12e9bcbca18d9,https://vg09.met.vgwort.de/na/0b76f49e6bc74bbd9aa12e9bcbca18d9,140
track_e_kl11/units/unit05_poetry-from-the-anthology_exam.qmd,unit05_poetry-from-the-anthology_exam,0b7fea98a94b4d85b9c051ed11e1671c,https://vg09.met.vgwort.de/na/0b7fea98a94b4d85b9c051ed11e1671c,28
track_e_kl11/units/unit06_media-literacy-advanced.qmd,unit06_media-literacy-advanced,0babfdcb4bc74c32bd628613ed74d4ac,https://vg09.met.vgwort.de/na/0babfdcb4bc74c32bd628613ed74d4ac,140
track_e_kl11/units/unit06_media-literacy-advanced_exam.qmd,unit06_media-literacy-advanced_exam,0bb6f6c7133c4f009fb3082bfe5affd8,https://vg09.met.vgwort.de/na/0bb6f6c7133c4f009fb3082bfe5affd8,28
track_e_kl11/units/unit07_mediation-as-a-skill.qmd,unit07_mediation-as-a-skill,0bd24b31381e4c22baab74d4e7f6bcc9,https://vg09.met.vgwort.de/na/0bd24b31381e4c22baab74d4e7f6bcc9,147
track_e_kl11/units/unit07_mediation-as-a-skill_exam.qmd,unit07_mediation-as-a-skill_exam,0bd996fbb07d472b8c8e158acda04d13,https://vg09.met.vgwort.de/na/0bd996fbb07d472b8c8e158acda04d13,28
track_e_kl11/units/unit08_opinion-essay-writing.qmd,unit08_opinion-essay-writing,0c02597e9c8c4c498e95c1098b95426c,https://vg09.met.vgwort.de/na/0c02597e9c8c4c498e95c1098b95426c,146
track_e_kl11/units/unit08_opinion-essay-writing_exam.qmd,unit08_opinion-essay-writing_exam,0c085ae8e9304cc1bd4794500fa9807a,https://vg09.met.vgwort.de/na/0c085ae8e9304cc1bd4794500fa9807a,28
track_e_kl11/units/unit09_a-modern-novel-bf.qmd,unit09_a-modern-novel-bf,0c18955c88dc4848af12ce0571070fdc,https://vg09.met.vgwort.de/na/0c18955c88dc4848af12ce0571070fdc,144
track_e_kl11/units/unit09_a-modern-novel-bf_exam.qmd,unit09_a-modern-novel-bf_exam,0c4ae68364fd41d0b4e76fd62c4b5b86,https://vg09.met.vgwort.de/na/0c4ae68364fd41d0b4e76fd62c4b5b86,28
track_e_kl11/units/unit10_a-classic-text-lf.qmd,unit10_a-classic-text-lf,0c597fc3d6064c408c9a3699508bf373,https://vg09.met.vgwort.de/na/0c597fc3d6064c408c9a3699508bf373,149
track_e_kl11/units/unit10_a-classic-text-lf_exam.qmd,unit10_a-classic-text-lf_exam,0c5af961fa2d46beb1033ae629c556fe,https://vg09.met.vgwort.de/na/0c5af961fa2d46beb1033ae629c556fe,28
track_e_kl11/units/unit11_public-speaking-prep.qmd,unit11_public-speaking-prep,0c6502c7dc2c44a989043d7fbf302f57,https://vg09.met.vgwort.de/na/0c6502c7dc2c44a989043d7fbf302f57,141
track_e_kl11/units/unit11_public-speaking-prep_exam.qmd,unit11_public-speaking-prep_exam,0c6fbb2bbd6d4a89823966c852082cba,https://vg09.met.vgwort.de/na/0c6fbb2bbd6d4a89823966c852082cba,28
track_e_kl11/units/unit12_klausur-prep-exam-rehearsal.qmd,unit12_klausur-prep-exam-rehearsal,0c72af6f536c455ea9c91f18e820063f,https://vg09.met.vgwort.de/na/0c72af6f536c455ea9c91f18e820063f,158
track_e_kl11/units/unit12_klausur-prep-exam-rehearsal_exam.qmd,unit12_klausur-prep-exam-rehearsal_exam,0c9d5e9496eb4cc786f5253bb2403fed,https://vg09.met.vgwort.de/na/0c9d5e9496eb4cc786f5253bb2403fed,28
track_e_kl12/index.qmd,index,0c9ed18d52c648e589dda7289acd2c69,https://vg09.met.vgwort.de/na/0c9ed18d52c648e589dda7289acd2c69,133
track_e_kl12/schedule.qmd,schedule,0cacd418d1464736b232b9dcb3d9ef54,https://vg09.met.vgwort.de/na/0cacd418d1464736b232b9dcb3d9ef54,30
track_e_kl12/units/unit01_dystopias.qmd,unit01_dystopias,0cd2593abd47405eab11aced48bdfb62,https://vg09.met.vgwort.de/na/0cd2593abd47405eab11aced48bdfb62,143
track_e_kl12/units/unit01_dystopias_exam.qmd,unit01_dystopias_exam,0d22afbfc9a14e32a7d7b0651e591a04,https://vg09.met.vgwort.de/na/0d22afbfc9a14e32a7d7b0651e591a04,28
track_e_kl12/units/unit02_globalisation-debates.qmd,unit02_globalisation-debates,0d24e36056694072ade61362c032e733,https://vg09.met.vgwort.de/na/0d24e36056694072ade61362c032e733,140
track_e_kl12/units/unit02_globalisation-debates_exam.qmd,unit02_globalisation-debates_exam,0d292d8e22124b23bdd0f4bced388998,https://vg09.met.vgwort.de/na/0d292d8e22124b23bdd0f4bced388998,28
track_e_kl12/units/unit03_science-and-ethics.qmd,unit03_science-and-ethics,0d39a6cd0e0845ba9afde00710bc593b,https://vg09.met.vgwort.de/na/0d39a6cd0e0845ba9afde00710bc593b,138
track_e_kl12/units/unit03_science-and-ethics_exam.qmd,unit03_science-and-ethics_exam,0d40103e1c0146a598f8d86f1397bab2,https://vg09.met.vgwort.de/na/0d40103e1c0146a598f8d86f1397bab2,28
track_e_kl12/units/unit04_shakespeare-extract.qmd,unit04_shakespeare-extract,0d44b390f7f7425e9a943d2a1a95057e,https://vg09.met.vgwort.de/na/0d44b390f7f7425e9a943d2a1a95057e,148
track_e_kl12/units/unit04_shakespeare-extract_exam.qmd,unit04_shakespeare-extract_exam,0d531715ec914cd9a4e2d9664f3384e6,https://vg09.met.vgwort.de/na/0d531715ec914cd9a4e2d9664f3384e6,28
track_e_kl12/units/unit05_political-discourse.qmd,unit05_political-discourse,0d665d643ac6499a8a9c8595b37b7fca,https://vg09.met.vgwort.de/na/0d665d643ac6499a8a9c8595b37b7fca,142
track_e_kl12/units/unit05_political-discourse_exam.qmd,unit05_political-discourse_exam,0d71f4e4464e4018adea79d0e111c07f,https://vg09.met.vgwort.de/na/0d71f4e4464e4018adea79d0e111c07f,28
track_e_kl12/units/unit06_the-non-fiction-essay.qmd,unit06_the-non-fiction-essay,0d7bb0e1af444be8b4d7fc8810a47130,https://vg09.met.vgwort.de/na/0d7bb0e1af444be8b4d7fc8810a47130,139
track_e_kl12/units/unit06_the-non-fiction-essay_exam.qmd,unit06_the-non-fiction-essay_exam,0d8b9e2e45104ab9bb116e214331849b,https://vg09.met.vgwort.de/na/0d8b9e2e45104ab9bb116e214331849b,28
track_e_kl12/units/unit07_mediation-academic-text.qmd,unit07_mediation-academic-text,0d9a5ca950b74b66a1e1c5037d342ea1,https://vg09.met.vgwort.de/na/0d9a5ca950b74b66a1e1c5037d342ea1,144
track_e_kl12/units/unit07_mediation-academic-text_exam.qmd,unit07_mediation-academic-text_exam,0d9e8354137c4363960c111bd4ec51b1,https://vg09.met.vgwort.de/na/0d9e8354137c4363960c111bd4ec51b1,28
track_e_kl12/units/unit08_post-colonial-voices-advanced.qmd,unit08_post-colonial-voices-advanced,0daf160c90014adbb2c7dc7707fcc08a,https://vg09.met.vgwort.de/na/0daf160c90014adbb2c7dc7707fcc08a,145
track_e_kl12/units/unit08_post-colonial-voices-advanced_exam.qmd,unit08_post-colonial-voices-advanced_exam,0dbf0c04e221459ebb0fd1926a64812d,https://vg09.met.vgwort.de/na/0dbf0c04e221459ebb0fd1926a64812d,28
track_e_kl12/units/unit09_a-novel-in-full.qmd,unit09_a-novel-in-full,0dc68767305e49d2b711c63aee92745e,https://vg09.met.vgwort.de/na/0dc68767305e49d2b711c63aee92745e,142
track_e_kl12/units/unit09_a-novel-in-full_exam.qmd,unit09_a-novel-in-full_exam,0dc9bd8b392a4a6ab84786f7b0ba664c,https://vg09.met.vgwort.de/na/0dc9bd8b392a4a6ab84786f7b0ba664c,28
track_e_kl12/units/unit10_kommunikationspruefung-mock.qmd,unit10_kommunikationspruefung-mock,0dd114733da24566a1d21208359d03c9,https://vg09.met.vgwort.de/na/0dd114733da24566a1d21208359d03c9,144
track_e_kl12/units/unit10_kommunikationspruefung-mock_exam.qmd,unit10_kommunikationspruefung-mock_exam,0dd3ef79bf9a4f9c8ebe3f700b933988,https://vg09.met.vgwort.de/na/0dd3ef79bf9a4f9c8ebe3f700b933988,28
track_e_kl12/units/unit11_klausur-comprehension-analysis.qmd,unit11_klausur-comprehension-analysis,0dd7a9c66b9c434f9540435c4692bb21,https://vg09.met.vgwort.de/na/0dd7a9c66b9c434f9540435c4692bb21,147
track_e_kl12/units/unit11_klausur-comprehension-analysis_exam.qmd,unit11_klausur-comprehension-analysis_exam,0de63e6de74a4942ae44aa571f84c789,https://vg09.met.vgwort.de/na/0de63e6de74a4942ae44aa571f84c789,28
track_e_kl12/units/unit12_klausur-composition-and-comment.qmd,unit12_klausur-composition-and-comment,0e28b39da3264454b9977d762a18acf6,https://vg09.met.vgwort.de/na/0e28b39da3264454b9977d762a18acf6,145
track_e_kl12/units/unit12_klausur-composition-and-comment_exam.qmd,unit12_klausur-composition-and-comment_exam,0e323b03fe9a4383ad670df82ec4ed17,https://vg09.met.vgwort.de/na/0e323b03fe9a4383ad670df82ec4ed17,28
track_e_kl13/index.qmd,index,0e40eeac17cd41b3aa6afa478e303cc3,https://vg09.met.vgwort.de/na/0e40eeac17cd41b3aa6afa478e303cc3,133
track_e_kl13/schedule.qmd,schedule,0e4bc3be5b0c410db9b3be96fefbea96,https://vg09.met.vgwort.de/na/0e4bc3be5b0c410db9b3be96fefbea96,30
track_e_kl13/units/unit01_globalisation-and-the-self.qmd,unit01_globalisation-and-the-self,0e671eefdde5448ca720f14b77768c24,https://vg09.met.vgwort.de/na/0e671eefdde5448ca720f14b77768c24,148
track_e_kl13/units/unit01_globalisation-and-the-self_exam.qmd,unit01_globalisation-and-the-self_exam,0e906f638d214a6d8dc664ff6348b121,https://vg09.met.vgwort.de/na/0e906f638d214a6d8dc664ff6348b121,28
track_e_kl13/units/unit02_political-discourse-advanced.qmd,unit02_political-discourse-advanced,0e99b5b783fd4a4f9456d4b2fe425208,https://vg09.met.vgwort.de/na/0e99b5b783fd4a4f9456d4b2fe425208,141
track_e_kl13/units/unit02_political-discourse-advanced_exam.qmd,unit02_political-discourse-advanced_exam,0ea30b9d5c1c4931a5cfa84b1dce39ba,https://vg09.met.vgwort.de/na/0ea30b9d5c1c4931a5cfa84b1dce39ba,28
track_e_kl13/units/unit03_dystopias-and-utopias.qmd,unit03_dystopias-and-utopias,0ebba1650c624230b0c953679cc9e9cf,https://vg09.met.vgwort.de/na/0ebba1650c624230b0c953679cc9e9cf,146
track_e_kl13/units/unit03_dystopias-and-utopias_exam.qmd,unit03_dystopias-and-utopias_exam,0ebfd4acf2f446478b2c292a63d48d64,https://vg09.met.vgwort.de/na/0ebfd4acf2f446478b2c292a63d48d64,28
track_e_kl13/units/unit04_contemporary-poetry.qmd,unit04_contemporary-poetry,0ec2936c46dd4514bb7dd73646c5addc,https://vg09.met.vgwort.de/na/0ec2936c46dd4514bb7dd73646c5addc,146
track_e_kl13/units/unit04_contemporary-poetry_exam.qmd,unit04_contemporary-poetry_exam,0ede4d4948074fcc9b564b010c57b402,https://vg09.met.vgwort.de/na/0ede4d4948074fcc9b564b010c57b402,28
track_e_kl13/units/unit05_media-and-public-opinion.qmd,unit05_media-and-public-opinion,0ef0e07f1bdd495cb92143338cce4f72,https://vg09.met.vgwort.de/na/0ef0e07f1bdd495cb92143338cce4f72,144
track_e_kl13/units/unit05_media-and-public-opinion_exam.qmd,unit05_media-and-public-opinion_exam,0f1353d7011641f4afd276ceff181d59,https://vg09.met.vgwort.de/na/0f1353d7011641f4afd276ceff181d59,28
track_e_kl13/units/unit06_mediation-policy-text.qmd,unit06_mediation-policy-text,0f2387325262478487e6d03a4a354b22,https://vg09.met.vgwort.de/na/0f2387325262478487e6d03a4a354b22,145
track_e_kl13/units/unit06_mediation-policy-text_exam.qmd,unit06_mediation-policy-text_exam,0f27ca5b00bb4b1cb8c2b3f8bece2c69,https://vg09.met.vgwort.de/na/0f27ca5b00bb4b1cb8c2b3f8bece2c69,28
track_e_kl13/units/unit07_the-abitur-essay.qmd,unit07_the-abitur-essay,0f3848feffb2479b88810f9a7a41b772,https://vg09.met.vgwort.de/na/0f3848feffb2479b88810f9a7a41b772,146
track_e_kl13/units/unit07_the-abitur-essay_exam.qmd,unit07_the-abitur-essay_exam,0f415ac55e5c4494aea5638434ad95fb,https://vg09.met.vgwort.de/na/0f415ac55e5c4494aea5638434ad95fb,28
track_e_kl13/units/unit08_the-abitur-comprehension.qmd,unit08_the-abitur-comprehension,0f72f429b8c8446bb8282cfa9d4ce656,https://vg09.met.vgwort.de/na/0f72f429b8c8446bb8282cfa9d4ce656,147
track_e_kl13/units/unit08_the-abitur-comprehension_exam.qmd,unit08_the-abitur-comprehension_exam,0f7596a6383a489f9f6daf721983d05b,https://vg09.met.vgwort.de/na/0f7596a6383a489f9f6daf721983d05b,28
track_e_kl13/units/unit09_the-abitur-analysis.qmd,unit09_the-abitur-analysis,0f810d309303437a9cb96973e855e438,https://vg09.met.vgwort.de/na/0f810d309303437a9cb96973e855e438,147
track_e_kl13/units/unit09_the-abitur-analysis_exam.qmd,unit09_the-abitur-analysis_exam,0fbd9e3c4c05431aaf7cfa9fb49ba2e4,https://vg09.met.vgwort.de/na/0fbd9e3c4c05431aaf7cfa9fb49ba2e4,28
track_e_kl13/units/unit10_kommunikationspruefung-full-mock.qmd,unit10_kommunikationspruefung-full-mock,0fc059f2b4304cbb99947bb5e073644a,https://vg09.met.vgwort.de/na/0fc059f2b4304cbb99947bb5e073644a,146
track_e_kl13/units/unit10_kommunikationspruefung-full-mock_exam.qmd,unit10_kommunikationspruefung-full-mock_exam,0fde094b7e124ffdb29dd70df307596b,https://vg09.met.vgwort.de/na/0fde094b7e124ffdb29dd70df307596b,28
track_e_kl13/units/unit11_issue-framed-debate.qmd,unit11_issue-framed-debate,0ff8753a2faf4b27b30abc9a52cdbfeb,https://vg09.met.vgwort.de/na/0ff8753a2faf4b27b30abc9a52cdbfeb,146
track_e_kl13/units/unit11_issue-framed-debate_exam.qmd,unit11_issue-framed-debate_exam,10267196a7fb4fbf8aaa5a7bd4cc6ef4,https://vg09.met.vgwort.de/na/10267196a7fb4fbf8aaa5a7bd4cc6ef4,28
track_e_kl13/units/unit12_year-review-and-handover.qmd,unit12_year-review-and-handover,1029244baf5c415898e90173a9b1d9ef,https://vg09.met.vgwort.de/na/1029244baf5c415898e90173a9b1d9ef,143
track_e_kl13/units/unit12_year-review-and-handover_exam.qmd,unit12_year-review-and-handover_exam,10364cfcd0cd4cc2b1dc03d41a4262df,https://vg09.met.vgwort.de/na/10364cfcd0cd4cc2b1dc03d41a4262df,28
track_gm_kl05/index.qmd,index,1043529b55504b30b531a3f44f1f483f,https://vg09.met.vgwort.de/na/1043529b55504b30b531a3f44f1f483f,133
track_gm_kl05/schedule.qmd,schedule,1053b8fbd294482c8678c1d53792319c,https://vg09.met.vgwort.de/na/1053b8fbd294482c8678c1d53792319c,30
track_gm_kl05/units/unit01_hello-world.qmd,unit01_hello-world,108a7765f0404f52b533459f4ddc7e88,https://vg09.met.vgwort.de/na/108a7765f0404f52b533459f4ddc7e88,193
track_gm_kl05/units/unit01_hello-world_exam.qmd,unit01_hello-world_exam,109954c48abe4fdea30fba8a80ef94c5,https://vg09.met.vgwort.de/na/109954c48abe4fdea30fba8a80ef94c5,28
track_gm_kl05/units/unit02_my-family.qmd,unit02_my-family,109ea94e035e4ceab69cfa2c8d681496,https://vg09.met.vgwort.de/na/109ea94e035e4ceab69cfa2c8d681496,177
track_gm_kl05/units/unit02_my-family_exam.qmd,unit02_my-family_exam,10a7cf53894a46f38a36c2c0261bf300,https://vg09.met.vgwort.de/na/10a7cf53894a46f38a36c2c0261bf300,28
track_gm_kl05/units/unit03_home-and-room.qmd,unit03_home-and-room,10c544dce5844ef2ab6ee5026e7c7401,https://vg09.met.vgwort.de/na/10c544dce5844ef2ab6ee5026e7c7401,166
track_gm_kl05/units/unit03_home-and-room_exam.qmd,unit03_home-and-room_exam,10deeb9782434644a1cd970730769cc5,https://vg09.met.vgwort.de/na/10deeb9782434644a1cd970730769cc5,28
track_gm_kl05/units/unit04_school-day.qmd,unit04_school-day,10e72b49163842b59b655601911c787e,https://vg09.met.vgwort.de/na/10e72b49163842b59b655601911c787e,155
track_gm_kl05/units/unit04_school-day_exam.qmd,unit04_school-day_exam,10e852260e214aeab66b6d0ebaacb52f,https://vg09.met.vgwort.de/na/10e852260e214aeab66b6d0ebaacb52f,28
track_gm_kl05/units/unit05_food-and-drinks.qmd,unit05_food-and-drinks,11009a5944f642399abddc97150b3322,https://vg09.met.vgwort.de/na/11009a5944f642399abddc97150b3322,159
track_gm_kl05/units/unit05_food-and-drinks_exam.qmd,unit05_food-and-drinks_exam,110ab037008f4a7d9e209c2eef15e126,https://vg09.met.vgwort.de/na/110ab037008f4a7d9e209c2eef15e126,28
track_gm_kl05/units/unit06_animals-and-pets.qmd,unit06_animals-and-pets,1110d1fe4fd74785abf60842f86d3b0d,https://vg09.met.vgwort.de/na/1110d1fe4fd74785abf60842f86d3b0d,150
track_gm_kl05/units/unit06_animals-and-pets_exam.qmd,unit06_animals-and-pets_exam,1119f03ebdf4487b90f7e3ecc64bde46,https://vg09.met.vgwort.de/na/1119f03ebdf4487b90f7e3ecc64bde46,28
track_gm_kl05/units/unit07_weather-and-seasons.qmd,unit07_weather-and-seasons,111ccdc0a85349cd844a2c194e5b714c,https://vg09.met.vgwort.de/na/111ccdc0a85349cd844a2c194e5b714c,150
track_gm_kl05/units/unit07_weather-and-seasons_exam.qmd,unit07_weather-and-seasons_exam,1135a9ddbe1745928b5bebdc01fa6461,https://vg09.met.vgwort.de/na/1135a9ddbe1745928b5bebdc01fa6461,28
track_gm_kl05/units/unit08_hobbies-and-sports.qmd,unit08_hobbies-and-sports,11566c3ad8344b0dac4ea27d18a4645d,https://vg09.met.vgwort.de/na/11566c3ad8344b0dac4ea27d18a4645d,141
track_gm_kl05/units/unit08_hobbies-and-sports_exam.qmd,unit08_hobbies-and-sports_exam,116379a52e7e4c08ac108bac3613bb7d,https://vg09.met.vgwort.de/na/116379a52e7e4c08ac108bac3613bb7d,28
track_gm_kl05/units/unit09_birthday-and-friends.qmd,unit09_birthday-and-friends,1168185e5ef843ff8149c546fbf82cc4,https://vg09.met.vgwort.de/na/1168185e5ef843ff8149c546fbf82cc4,152
track_gm_kl05/units/unit09_birthday-and-friends_exam.qmd,unit09_birthday-and-friends_exam,117761451b31437d858b6746aae82d89,https://vg09.met.vgwort.de/na/117761451b31437d858b6746aae82d89,28
track_gm_kl05/units/unit10_a-day-in-london.qmd,unit10_a-day-in-london,117ac5628bd842fa8d2d3d6eebc42a30,https://vg09.met.vgwort.de/na/117ac5628bd842fa8d2d3d6eebc42a30,152
track_gm_kl05/units/unit10_a-day-in-london_exam.qmd,unit10_a-day-in-london_exam,1180adc7ca604f8f9e7d1d0bb26a9713,https://vg09.met.vgwort.de/na/1180adc7ca604f8f9e7d1d0bb26a9713,28
track_gm_kl05/units/unit11_clothes-and-colours.qmd,unit11_clothes-and-colours,11aaddc8332e47dcac4f7b5c3db6f410,https://vg09.met.vgwort.de/na/11aaddc8332e47dcac4f7b5c3db6f410,149
track_gm_kl05/units/unit11_clothes-and-colours_exam.qmd,unit11_clothes-and-colours_exam,11d50de72eee4a378228cb11fa693092,https://vg09.met.vgwort.de/na/11d50de72eee4a378228cb11fa693092,28
track_gm_kl05/units/unit12_review-and-show.qmd,unit12_review-and-show,11e232f8a8e447959271439f88d23834,https://vg09.met.vgwort.de/na/11e232f8a8e447959271439f88d23834,147
track_gm_kl05/units/unit12_review-and-show_exam.qmd,unit12_review-and-show_exam,11e4dda17a67403299fca1e8ffb90855,https://vg09.met.vgwort.de/na/11e4dda17a67403299fca1e8ffb90855,28
track_gm_kl06/index.qmd,index,11f6978acfd3425db61ef13b4fd01ded,https://vg09.met.vgwort.de/na/11f6978acfd3425db61ef13b4fd01ded,133
track_gm_kl06/schedule.qmd,schedule,11f6fb20072e4b28aff54e4f9bc43bd6,https://vg09.met.vgwort.de/na/11f6fb20072e4b28aff54e4f9bc43bd6,30
track_gm_kl06/units/unit01_a-new-year-at-school.qmd,unit01_a-new-year-at-school,1212f243a0c54d5eb34bfeff384aca54,https://vg09.met.vgwort.de/na/1212f243a0c54d5eb34bfeff384aca54,139
track_gm_kl06/units/unit01_a-new-year-at-school_exam.qmd,unit01_a-new-year-at-school_exam,12368cb3a51249d686276c86395f4913,https://vg09.met.vgwort.de/na/12368cb3a51249d686276c86395f4913,28
track_gm_kl06/units/unit02_on-holiday.qmd,unit02_on-holiday,12573109f0024aaa8693fe04858b0a1f,https://vg09.met.vgwort.de/na/12573109f0024aaa8693fe04858b0a1f,137
track_gm_kl06/units/unit02_on-holiday_exam.qmd,unit02_on-holiday_exam,127cdcf359c94e57aa29c89f8ab74705,https://vg09.met.vgwort.de/na/127cdcf359c94e57aa29c89f8ab74705,28
track_gm_kl06/units/unit03_in-the-city.qmd,unit03_in-the-city,12a111e2dac5449dbfceda59b2c51b93,https://vg09.met.vgwort.de/na/12a111e2dac5449dbfceda59b2c51b93,138
track_gm_kl06/units/unit03_in-the-city_exam.qmd,unit03_in-the-city_exam,12a350d826cb447cb393336df318264b,https://vg09.met.vgwort.de/na/12a350d826cb447cb393336df318264b,28
track_gm_kl06/units/unit04_food-around-the-world.qmd,unit04_food-around-the-world,12a93c3db5614f2d959e68096b2a1657,https://vg09.met.vgwort.de/na/12a93c3db5614f2d959e68096b2a1657,139
track_gm_kl06/units/unit04_food-around-the-world_exam.qmd,unit04_food-around-the-world_exam,12bfe29db7574131b61739214286963c,https://vg09.met.vgwort.de/na/12bfe29db7574131b61739214286963c,28
track_gm_kl06/units/unit05_daily-routines.qmd,unit05_daily-routines,12dab4cb4ac94866b2e62c2fa6d308ad,https://vg09.met.vgwort.de/na/12dab4cb4ac94866b2e62c2fa6d308ad,154
track_gm_kl06/units/unit05_daily-routines_exam.qmd,unit05_daily-routines_exam,12e1c36d2b2d4e2eba6e39b1fd91e5f1,https://vg09.met.vgwort.de/na/12e1c36d2b2d4e2eba6e39b1fd91e5f1,28
track_gm_kl06/units/unit06_friends-and-feelings.qmd,unit06_friends-and-feelings,12e3fe074f754916ac8609828f8ea273,https://vg09.met.vgwort.de/na/12e3fe074f754916ac8609828f8ea273,144
track_gm_kl06/units/unit06_friends-and-feelings_exam.qmd,unit06_friends-and-feelings_exam,12e42c8285944b25b42265a5f517fee3,https://vg09.met.vgwort.de/na/12e42c8285944b25b42265a5f517fee3,28
track_gm_kl06/units/unit07_an-adventure-story.qmd,unit07_an-adventure-story,12ecafed9aa7448d8b1baf48d37023b7,https://vg09.met.vgwort.de/na/12ecafed9aa7448d8b1baf48d37023b7,143
track_gm_kl06/units/unit07_an-adventure-story_exam.qmd,unit07_an-adventure-story_exam,130295e4e6af43d39cd6f821c9f0caa8,https://vg09.met.vgwort.de/na/130295e4e6af43d39cd6f821c9f0caa8,28
track_gm_kl06/units/unit08_school-around-the-world.qmd,unit08_school-around-the-world,131347abe36d47f7acd347b781880818,https://vg09.met.vgwort.de/na/131347abe36d47f7acd347b781880818,140
track_gm_kl06/units/unit08_school-around-the-world_exam.qmd,unit08_school-around-the-world_exam,1316c36053ea48c5b8461db411fbc2cb,https://vg09.met.vgwort.de/na/1316c36053ea48c5b8461db411fbc2cb,28
track_gm_kl06/units/unit09_body-and-health.qmd,unit09_body-and-health,13170f4b528a4aa7addd9a9b28ff69c2,https://vg09.met.vgwort.de/na/13170f4b528a4aa7addd9a9b28ff69c2,150
track_gm_kl06/units/unit09_body-and-health_exam.qmd,unit09_body-and-health_exam,1317ca3b689d4e5da51316732a912025,https://vg09.met.vgwort.de/na/1317ca3b689d4e5da51316732a912025,28
track_gm_kl06/units/unit10_travelling-by-train.qmd,unit10_travelling-by-train,13428ee50ef346daaa911c55146aa522,https://vg09.met.vgwort.de/na/13428ee50ef346daaa911c55146aa522,150
track_gm_kl06/units/unit10_travelling-by-train_exam.qmd,unit10_travelling-by-train_exam,1350bbfbe61f4263bed47e263475f6da,https://vg09.met.vgwort.de/na/1350bbfbe61f4263bed47e263475f6da,28
track_gm_kl06/units/unit11_captain-codys-map.qmd,unit11_captain-codys-map,135c048bb8e14908b0e5720756d4d1f7,https://vg09.met.vgwort.de/na/135c048bb8e14908b0e5720756d4d1f7,143
track_gm_kl06/units/unit11_captain-codys-map_exam.qmd,unit11_captain-codys-map_exam,1366aa2c671f4b6fbecda6c8fa611e2f,https://vg09.met.vgwort.de/na/1366aa2c671f4b6fbecda6c8fa611e2f,28
track_gm_kl06/units/unit12_year-end-festival.qmd,unit12_year-end-festival,1397d398927b4cefb2c7581ce87d7dad,https://vg09.met.vgwort.de/na/1397d398927b4cefb2c7581ce87d7dad,135
track_gm_kl06/units/unit12_year-end-festival_exam.qmd,unit12_year-end-festival_exam,13ee38c1176c41ad887e9c51b3b48c71,https://vg09.met.vgwort.de/na/13ee38c1176c41ad887e9c51b3b48c71,28
track_gm_kl07/index.qmd,index,13ef6e89272f4d7c95b1b3b8e8ee8534,https://vg09.met.vgwort.de/na/13ef6e89272f4d7c95b1b3b8e8ee8534,133
track_gm_kl07/schedule.qmd,schedule,13f6113e13824d7184cd67568c2f11c8,https://vg09.met.vgwort.de/na/13f6113e13824d7184cd67568c2f11c8,30
track_gm_kl07/units/unit01_first-day-back.qmd,unit01_first-day-back,14243585a65c4d6abb40c72f2296929c,https://vg09.met.vgwort.de/na/14243585a65c4d6abb40c72f2296929c,290
track_gm_kl07/units/unit01_first-day-back_exam.qmd,unit01_first-day-back_exam,143709bd1c364ef2b23e329e47596e77,https://vg09.met.vgwort.de/na/143709bd1c364ef2b23e329e47596e77,30
track_gm_kl07/units/unit02_growing-up.qmd,unit02_growing-up,14530bdfd359440093facb10380de606,https://vg09.met.vgwort.de/na/14530bdfd359440093facb10380de606,314
track_gm_kl07/units/unit02_growing-up_exam.qmd,unit02_growing-up_exam,145c3873c8cd40cab4506e9246d96e11,https://vg09.met.vgwort.de/na/145c3873c8cd40cab4506e9246d96e11,30
track_gm_kl07/units/unit03_media-in-our-lives.qmd,unit03_media-in-our-lives,147037dc9ca945ed8bdef90375c27bca,https://vg09.met.vgwort.de/na/147037dc9ca945ed8bdef90375c27bca,308
track_gm_kl07/units/unit03_media-in-our-lives_exam.qmd,unit03_media-in-our-lives_exam,14717098818645478604509024c90dd7,https://vg09.met.vgwort.de/na/14717098818645478604509024c90dd7,30
track_gm_kl07/units/unit04_a-trip-to-scotland.qmd,unit04_a-trip-to-scotland,1473847bdee64d15abeccc23d354557a,https://vg09.met.vgwort.de/na/1473847bdee64d15abeccc23d354557a,298
track_gm_kl07/units/unit04_a-trip-to-scotland_exam.qmd,unit04_a-trip-to-scotland_exam,147a2e68196045dfbb665bbff5ea1d99,https://vg09.met.vgwort.de/na/147a2e68196045dfbb665bbff5ea1d99,30
track_gm_kl07/units/unit05_the-united-states-today.qmd,unit05_the-united-states-today,14935d6dd69c4e96b2d3d985f491246c,https://vg09.met.vgwort.de/na/14935d6dd69c4e96b2d3d985f491246c,283
track_gm_kl07/units/unit05_the-united-states-today_exam.qmd,unit05_the-united-states-today_exam,14ca9d0647044929b76f253d4495ac9e,https://vg09.met.vgwort.de/na/14ca9d0647044929b76f253d4495ac9e,30
track_gm_kl07/units/unit06_food-cultures.qmd,unit06_food-cultures,14daa4fc41bb481eb505298a9ce360ef,https://vg09.met.vgwort.de/na/14daa4fc41bb481eb505298a9ce360ef,285
track_gm_kl07/units/unit06_food-cultures_exam.qmd,unit06_food-cultures_exam,14e1d8f6cd924785bbb0e07fae582815,https://vg09.met.vgwort.de/na/14e1d8f6cd924785bbb0e07fae582815,30
track_gm_kl07/units/unit07_being-a-friend.qmd,unit07_being-a-friend,14fa033bc72044e8999322dd53244823,https://vg09.met.vgwort.de/na/14fa033bc72044e8999322dd53244823,260
track_gm_kl07/units/unit07_being-a-friend_exam.qmd,unit07_being-a-friend_exam,15199e2c92124ebd98a03e84c9121e80,https://vg09.met.vgwort.de/na/15199e2c92124ebd98a03e84c9121e80,30
track_gm_kl07/units/unit08_first-mediation.qmd,unit08_first-mediation,153567cb853d475eb4c44c15eaf6ad8c,https://vg09.met.vgwort.de/na/153567cb853d475eb4c44c15eaf6ad8c,284
track_gm_kl07/units/unit08_first-mediation_exam.qmd,unit08_first-mediation_exam,15420da270ec458bb50a8b909ac75638,https://vg09.met.vgwort.de/na/15420da270ec458bb50a8b909ac75638,30
track_gm_kl07/units/unit09_school-rules-and-rights.qmd,unit09_school-rules-and-rights,1549d3eba5f748289398569d236434f8,https://vg09.met.vgwort.de/na/1549d3eba5f748289398569d236434f8,248
track_gm_kl07/units/unit09_school-rules-and-rights_exam.qmd,unit09_school-rules-and-rights_exam,15588f163bdd4a8bbdf09b37162a9730,https://vg09.met.vgwort.de/na/15588f163bdd4a8bbdf09b37162a9730,30
track_gm_kl07/units/unit10_a-short-story.qmd,unit10_a-short-story,15707666bb0f4aef8f0b339ad625a4fa,https://vg09.met.vgwort.de/na/15707666bb0f4aef8f0b339ad625a4fa,263
track_gm_kl07/units/unit10_a-short-story_exam.qmd,unit10_a-short-story_exam,157bea832c3641af92297de418700591,https://vg09.met.vgwort.de/na/157bea832c3641af92297de418700591,30
track_gm_kl07/units/unit11_plans-for-the-summer.qmd,unit11_plans-for-the-summer,1584a24d70f54cbfb67ffd25a27e8a5e,https://vg09.met.vgwort.de/na/1584a24d70f54cbfb67ffd25a27e8a5e,225
track_gm_kl07/units/unit11_plans-for-the-summer_exam.qmd,unit11_plans-for-the-summer_exam,15b695a8eea8436d9e3159563535b82d,https://vg09.met.vgwort.de/na/15b695a8eea8436d9e3159563535b82d,30
track_gm_kl07/units/unit12_year-review-and-podcast.qmd,unit12_year-review-and-podcast,15b8f0090ebe4d2690285bc62908d15d,https://vg09.met.vgwort.de/na/15b8f0090ebe4d2690285bc62908d15d,253
track_gm_kl07/units/unit12_year-review-and-podcast_exam.qmd,unit12_year-review-and-podcast_exam,15dc09c782074001b708c9c1e49ca586,https://vg09.met.vgwort.de/na/15dc09c782074001b708c9c1e49ca586,30
track_gm_kl08/index.qmd,index,15e07ad41861429bb58f66ee88b751f9,https://vg09.met.vgwort.de/na/15e07ad41861429bb58f66ee88b751f9,133
track_gm_kl08/schedule.qmd,schedule,15f068dbcbde47fe9e08ec677ce819b2,https://vg09.met.vgwort.de/na/15f068dbcbde47fe9e08ec677ce819b2,30
track_gm_kl08/units/unit01_identities.qmd,unit01_identities,15f08a681fdb4657b9ab4b9b3aadf1f3,https://vg09.met.vgwort.de/na/15f08a681fdb4657b9ab4b9b3aadf1f3,144
track_gm_kl08/units/unit01_identities_exam.qmd,unit01_identities_exam,15f3358c77034e849d261904e72d0586,https://vg09.met.vgwort.de/na/15f3358c77034e849d261904e72d0586,28
track_gm_kl08/units/unit02_school-life-elsewhere.qmd,unit02_school-life-elsewhere,1610a073d47048c58ae37b365ee3b6fe,https://vg09.met.vgwort.de/na/1610a073d47048c58ae37b365ee3b6fe,145
track_gm_kl08/units/unit02_school-life-elsewhere_exam.qmd,unit02_school-life-elsewhere_exam,1619ed00644c455aae740ed416ceb041,https://vg09.met.vgwort.de/na/1619ed00644c455aae740ed416ceb041,28
track_gm_kl08/units/unit03_fairness-at-school.qmd,unit03_fairness-at-school,161af12ebe0143eab0d2af21de1364e9,https://vg09.met.vgwort.de/na/161af12ebe0143eab0d2af21de1364e9,147
track_gm_kl08/units/unit03_fairness-at-school_exam.qmd,unit03_fairness-at-school_exam,161daa798ba04d8e96eadc22a41f4521,https://vg09.met.vgwort.de/na/161daa798ba04d8e96eadc22a41f4521,28
track_gm_kl08/units/unit04_ireland-stories.qmd,unit04_ireland-stories,1628832ff2414ca7b9937dbecd044c8a,https://vg09.met.vgwort.de/na/1628832ff2414ca7b9937dbecd044c8a,141
track_gm_kl08/units/unit04_ireland-stories_exam.qmd,unit04_ireland-stories_exam,16361d552eb74b68b9e3cdb6b5f66911,https://vg09.met.vgwort.de/na/16361d552eb74b68b9e3cdb6b5f66911,28
track_gm_kl08/units/unit05_digital-friendships.qmd,unit05_digital-friendships,1650099207634f6faa65f728facd4e0b,https://vg09.met.vgwort.de/na/1650099207634f6faa65f728facd4e0b,143
track_gm_kl08/units/unit05_digital-friendships_exam.qmd,unit05_digital-friendships_exam,165f5b8cbdcc4bf98230fb5c42809967,https://vg09.met.vgwort.de/na/165f5b8cbdcc4bf98230fb5c42809967,28
track_gm_kl08/units/unit06_opinion-writing.qmd,unit06_opinion-writing,1661433fbe6b4ee2b40db82b846ab1e1,https://vg09.met.vgwort.de/na/1661433fbe6b4ee2b40db82b846ab1e1,141
track_gm_kl08/units/unit06_opinion-writing_exam.qmd,unit06_opinion-writing_exam,1670ff1f5d1b4f75adb56074d7f7bd4f,https://vg09.met.vgwort.de/na/1670ff1f5d1b4f75adb56074d7f7bd4f,28
track_gm_kl08/units/unit07_teen-magazine-mediation.qmd,unit07_teen-magazine-mediation,16810d3e7d7f421b8467d58d3d49424c,https://vg09.met.vgwort.de/na/16810d3e7d7f421b8467d58d3d49424c,143
track_gm_kl08/units/unit07_teen-magazine-mediation_exam.qmd,unit07_teen-magazine-mediation_exam,168e91bb9fbc41e3b725b20673888b67,https://vg09.met.vgwort.de/na/168e91bb9fbc41e3b725b20673888b67,28
track_gm_kl08/units/unit08_music-and-belonging.qmd,unit08_music-and-belonging,1694f91be23241df85abab2aeea4641f,https://vg09.met.vgwort.de/na/1694f91be23241df85abab2aeea4641f,136
track_gm_kl08/units/unit08_music-and-belonging_exam.qmd,unit08_music-and-belonging_exam,16b7cb3b2704450abba47b1ff116aef9,https://vg09.met.vgwort.de/na/16b7cb3b2704450abba47b1ff116aef9,28
track_gm_kl08/units/unit09_rural-and-urban.qmd,unit09_rural-and-urban,16d62e8c7d9a401d98ef6cff3a864d6d,https://vg09.met.vgwort.de/na/16d62e8c7d9a401d98ef6cff3a864d6d,143
track_gm_kl08/units/unit09_rural-and-urban_exam.qmd,unit09_rural-and-urban_exam,16ed7122eecf43ecbe0894064f67bb5d,https://vg09.met.vgwort.de/na/16ed7122eecf43ecbe0894064f67bb5d,28
track_gm_kl08/units/unit10_a-novella-in-class.qmd,unit10_a-novella-in-class,170fb20257bd4d5f81769f9f5aa43c91,https://vg09.met.vgwort.de/na/170fb20257bd4d5f81769f9f5aa43c91,142
track_gm_kl08/units/unit10_a-novella-in-class_exam.qmd,unit10_a-novella-in-class_exam,171da244f7ba4a6a8d8c44bbc7ed8bf9,https://vg09.met.vgwort.de/na/171da244f7ba4a6a8d8c44bbc7ed8bf9,28
track_gm_kl08/units/unit11_public-speaking.qmd,unit11_public-speaking,176bd822277f48809f66f3cd7f6095b3,https://vg09.met.vgwort.de/na/176bd822277f48809f66f3cd7f6095b3,135
track_gm_kl08/units/unit11_public-speaking_exam.qmd,unit11_public-speaking_exam,1776e5ab73df42d98712170c9aebd4c8,https://vg09.met.vgwort.de/na/1776e5ab73df42d98712170c9aebd4c8,28
track_gm_kl08/units/unit12_school-magazine-issue.qmd,unit12_school-magazine-issue,1795a935bd404cb08efa32b550efac53,https://vg09.met.vgwort.de/na/1795a935bd404cb08efa32b550efac53,143
track_gm_kl08/units/unit12_school-magazine-issue_exam.qmd,unit12_school-magazine-issue_exam,17965e262c9c487db1a228f6bd43b51c,https://vg09.met.vgwort.de/na/17965e262c9c487db1a228f6bd43b51c,28
track_gm_kl09/index.qmd,index,17a7d36f3cfb4effacf605e8acf14ec7,https://vg09.met.vgwort.de/na/17a7d36f3cfb4effacf605e8acf14ec7,133
track_gm_kl09/schedule.qmd,schedule,17bf14bd12d7452b8e7b5d596fa71dfd,https://vg09.met.vgwort.de/na/17bf14bd12d7452b8e7b5d596fa71dfd,30
track_gm_kl09/units/unit01_future-careers.qmd,unit01_future-careers,17d93f684f104ea7b4eb0c0ca57f98b2,https://vg09.met.vgwort.de/na/17d93f684f104ea7b4eb0c0ca57f98b2,138
track_gm_kl09/units/unit01_future-careers_exam.qmd,unit01_future-careers_exam,17daaa4cab374d30bf257938fb8127ae,https://vg09.met.vgwort.de/na/17daaa4cab374d30bf257938fb8127ae,28
track_gm_kl09/units/unit02_money-and-choices.qmd,unit02_money-and-choices,17ed40abe50e4c35a3418627de2f08dc,https://vg09.met.vgwort.de/na/17ed40abe50e4c35a3418627de2f08dc,135
track_gm_kl09/units/unit02_money-and-choices_exam.qmd,unit02_money-and-choices_exam,17f7a85c2fcb45f3a746b1f356618e1d,https://vg09.met.vgwort.de/na/17f7a85c2fcb45f3a746b1f356618e1d,28
track_gm_kl09/units/unit03_the-environment-locally.qmd,unit03_the-environment-locally,17ff33f6088b4f5dac7ef2d055353444,https://vg09.met.vgwort.de/na/17ff33f6088b4f5dac7ef2d055353444,138
track_gm_kl09/units/unit03_the-environment-locally_exam.qmd,unit03_the-environment-locally_exam,18015cf5eb714b05b1a895e0e8128d72,https://vg09.met.vgwort.de/na/18015cf5eb714b05b1a895e0e8128d72,28
track_gm_kl09/units/unit04_canada-perspectives.qmd,unit04_canada-perspectives,181dce816aa24743beddc6421f9911af,https://vg09.met.vgwort.de/na/181dce816aa24743beddc6421f9911af,138
track_gm_kl09/units/unit04_canada-perspectives_exam.qmd,unit04_canada-perspectives_exam,1822721788f0473a93b4dae473c93991,https://vg09.met.vgwort.de/na/1822721788f0473a93b4dae473c93991,28
track_gm_kl09/units/unit05_media-literacy.qmd,unit05_media-literacy,182568f165f2421dabfcb65d09c899d3,https://vg09.met.vgwort.de/na/182568f165f2421dabfcb65d09c899d3,140
track_gm_kl09/units/unit05_media-literacy_exam.qmd,unit05_media-literacy_exam,18580d1d92c74abe883a9b7a1f7ceb5f,https://vg09.met.vgwort.de/na/18580d1d92c74abe883a9b7a1f7ceb5f,28
track_gm_kl09/units/unit06_interview-and-portrait.qmd,unit06_interview-and-portrait,186711add5624c48ac396af55cb07328,https://vg09.met.vgwort.de/na/186711add5624c48ac396af55cb07328,144
track_gm_kl09/units/unit06_interview-and-portrait_exam.qmd,unit06_interview-and-portrait_exam,186a738e37df44519adae4e5160641d0,https://vg09.met.vgwort.de/na/186a738e37df44519adae4e5160641d0,28
track_gm_kl09/units/unit07_mediation-news-article.qmd,unit07_mediation-news-article,18849158a47e43fc8aca2535582ba473,https://vg09.met.vgwort.de/na/18849158a47e43fc8aca2535582ba473,140
track_gm_kl09/units/unit07_mediation-news-article_exam.qmd,unit07_mediation-news-article_exam,1886158c7a574268b52ec97966cb3350,https://vg09.met.vgwort.de/na/1886158c7a574268b52ec97966cb3350,28
track_gm_kl09/units/unit08_inequality-and-voice.qmd,unit08_inequality-and-voice,18b5798b50ff4c3ba5aa3da84692f756,https://vg09.met.vgwort.de/na/18b5798b50ff4c3ba5aa3da84692f756,140
track_gm_kl09/units/unit08_inequality-and-voice_exam.qmd,unit08_inequality-and-voice_exam,190c39045a5c4324b67345ed8709320b,https://vg09.met.vgwort.de/na/190c39045a5c4324b67345ed8709320b,28
track_gm_kl09/units/unit09_short-fiction.qmd,unit09_short-fiction,19155690d79e43409189a6465a406e45,https://vg09.met.vgwort.de/na/19155690d79e43409189a6465a406e45,138
track_gm_kl09/units/unit09_short-fiction_exam.qmd,unit09_short-fiction_exam,19207084f492498bb852983b0542ad95,https://vg09.met.vgwort.de/na/19207084f492498bb852983b0542ad95,28
track_gm_kl09/units/unit10_application-letter.qmd,unit10_application-letter,192560fbf95c41e4836e114c1f25d549,https://vg09.met.vgwort.de/na/192560fbf95c41e4836e114c1f25d549,149
track_gm_kl09/units/unit10_application-letter_exam.qmd,unit10_application-letter_exam,192a7b127b704877ad13c9341a503908,https://vg09.met.vgwort.de/na/192a7b127b704877ad13c9341a503908,28
track_gm_kl09/units/unit11_debate-and-discussion.qmd,unit11_debate-and-discussion,19377004d8bc449f9283c2b381966f0a,https://vg09.met.vgwort.de/na/19377004d8bc449f9283c2b381966f0a,137
track_gm_kl09/units/unit11_debate-and-discussion_exam.qmd,unit11_debate-and-discussion_exam,194932ebd3c641a2a8f81f732b1f529e,https://vg09.met.vgwort.de/na/194932ebd3c641a2a8f81f732b1f529e,28
track_gm_kl09/units/unit12_year-review-portfolio.qmd,unit12_year-review-portfolio,194a76445de544a79a950a61107db84f,https://vg09.met.vgwort.de/na/194a76445de544a79a950a61107db84f,134
track_gm_kl09/units/unit12_year-review-portfolio_exam.qmd,unit12_year-review-portfolio_exam,195145596f124e9395687152f2279f8e,https://vg09.met.vgwort.de/na/195145596f124e9395687152f2279f8e,28
track_gm_kl10/index.qmd,index,1952725598d84ee09878d25ca51f1701,https://vg09.met.vgwort.de/na/1952725598d84ee09878d25ca51f1701,133
track_gm_kl10/schedule.qmd,schedule,195f5e649de24016a75dd8190c69233f,https://vg09.met.vgwort.de/na/195f5e649de24016a75dd8190c69233f,30
track_gm_kl10/units/unit01_transition-after-grade-10.qmd,unit01_transition-after-grade-10,196c59c8b51d4ea2a0d640d363c4bfd7,https://vg09.met.vgwort.de/na/196c59c8b51d4ea2a0d640d363c4bfd7,143
track_gm_kl10/units/unit01_transition-after-grade-10_exam.qmd,unit01_transition-after-grade-10_exam,19a64f6fa204402dbbbd314a01c2e20b,https://vg09.met.vgwort.de/na/19a64f6fa204402dbbbd314a01c2e20b,28
track_gm_kl10/units/unit02_the-world-of-work.qmd,unit02_the-world-of-work,19c3eb82c69243c2808cdf051aa47cf6,https://vg09.met.vgwort.de/na/19c3eb82c69243c2808cdf051aa47cf6,150
track_gm_kl10/units/unit02_the-world-of-work_exam.qmd,unit02_the-world-of-work_exam,19e214cabbab44c380031ea32b59feb3,https://vg09.met.vgwort.de/na/19e214cabbab44c380031ea32b59feb3,28
track_gm_kl10/units/unit03_digital-lives-at-work.qmd,unit03_digital-lives-at-work,19e4c1b5aab8444c9c1ffea2644da60e,https://vg09.met.vgwort.de/na/19e4c1b5aab8444c9c1ffea2644da60e,148
track_gm_kl10/units/unit03_digital-lives-at-work_exam.qmd,unit03_digital-lives-at-work_exam,19e7691f9603421c8e9a19529ac3a30e,https://vg09.met.vgwort.de/na/19e7691f9603421c8e9a19529ac3a30e,28
track_gm_kl10/units/unit04_australia-now.qmd,unit04_australia-now,19fc922efbdc4d888af1c32c46d3ba38,https://vg09.met.vgwort.de/na/19fc922efbdc4d888af1c32c46d3ba38,138
track_gm_kl10/units/unit04_australia-now_exam.qmd,unit04_australia-now_exam,1a099b12f07f4c769f15174c253ed70c,https://vg09.met.vgwort.de/na/1a099b12f07f4c769f15174c253ed70c,28
track_gm_kl10/units/unit05_media-and-truth.qmd,unit05_media-and-truth,1a0a827f69274f96a6e492ab19f5a623,https://vg09.met.vgwort.de/na/1a0a827f69274f96a6e492ab19f5a623,141
track_gm_kl10/units/unit05_media-and-truth_exam.qmd,unit05_media-and-truth_exam,1a27ab95f1554a1fba77187583c108e6,https://vg09.met.vgwort.de/na/1a27ab95f1554a1fba77187583c108e6,28
track_gm_kl10/units/unit06_contemporary-short-fiction.qmd,unit06_contemporary-short-fiction,1a3412de96d7419b90426dda55d9f9dd,https://vg09.met.vgwort.de/na/1a3412de96d7419b90426dda55d9f9dd,142
track_gm_kl10/units/unit06_contemporary-short-fiction_exam.qmd,unit06_contemporary-short-fiction_exam,1a4ef501a9b241f79940dad338942bac,https://vg09.met.vgwort.de/na/1a4ef501a9b241f79940dad338942bac,28
track_gm_kl10/units/unit07_mediation-workplace-text.qmd,unit07_mediation-workplace-text,1a51996ad7d1435aa4d74c0211457b89,https://vg09.met.vgwort.de/na/1a51996ad7d1435aa4d74c0211457b89,141
track_gm_kl10/units/unit07_mediation-workplace-text_exam.qmd,unit07_mediation-workplace-text_exam,1a6d704f52414617b56dd2ed117fae1c,https://vg09.met.vgwort.de/na/1a6d704f52414617b56dd2ed117fae1c,28
track_gm_kl10/units/unit08_civic-english.qmd,unit08_civic-english,1aa80acc2c8044028fa5ad96c3fa356b,https://vg09.met.vgwort.de/na/1aa80acc2c8044028fa5ad96c3fa356b,143
track_gm_kl10/units/unit08_civic-english_exam.qmd,unit08_civic-english_exam,1ab6e666fb58488c8699efa06831a3b2,https://vg09.met.vgwort.de/na/1ab6e666fb58488c8699efa06831a3b2,28
track_gm_kl10/units/unit09_youth-and-the-future.qmd,unit09_youth-and-the-future,1ab7907c31a04ac3831ea08405ab7b80,https://vg09.met.vgwort.de/na/1ab7907c31a04ac3831ea08405ab7b80,142
track_gm_kl10/units/unit09_youth-and-the-future_exam.qmd,unit09_youth-and-the-future_exam,1ac4df2941bb479a93b56de6391bd2cf,https://vg09.met.vgwort.de/na/1ac4df2941bb479a93b56de6391bd2cf,28
track_gm_kl10/units/unit10_project-and-presentation.qmd,unit10_project-and-presentation,1acfb594f2a64162a3f5b2527f6e3796,https://vg09.met.vgwort.de/na/1acfb594f2a64162a3f5b2527f6e3796,145
track_gm_kl10/units/unit10_project-and-presentation_exam.qmd,unit10_project-and-presentation_exam,1ad77300520148b7acc15b0177fdf946,https://vg09.met.vgwort.de/na/1ad77300520148b7acc15b0177fdf946,28
track_gm_kl10/units/unit11_a-short-novel.qmd,unit11_a-short-novel,1ade3c36560345c2bcddce27ff528c3a,https://vg09.met.vgwort.de/na/1ade3c36560345c2bcddce27ff528c3a,143
track_gm_kl10/units/unit11_a-short-novel_exam.qmd,unit11_a-short-novel_exam,1aeb8e7c667e4cd3a98a353745124900,https://vg09.met.vgwort.de/na/1aeb8e7c667e4cd3a98a353745124900,28
track_gm_kl10/units/unit12_year-review-graduation.qmd,unit12_year-review-graduation,1aed751f3258460abc5ff31a6411c710,https://vg09.met.vgwort.de/na/1aed751f3258460abc5ff31a6411c710,136
track_gm_kl10/units/unit12_year-review-graduation_exam.qmd,unit12_year-review-graduation_exam,1b0a82d2104f4bcc8c310d4a7a0bd306,https://vg09.met.vgwort.de/na/1b0a82d2104f4bcc8c310d4a7a0bd306,28
